<project xmlns="http://maven.apache.org/POM/4.0.0"
    xmlns:xsi="http://www.w3.org/2001/XMLSchema-instance"
    xsi:schemaLocation="http://maven.apache.org/POM/4.0.0 https://maven.apache.org/xsd/maven-4.0.0.xsd">
    <modelVersion>4.0.0</modelVersion>

    <groupId>biz.car.database</groupId>
    <artifactId>car.database.h2</artifactId>
    <version>1.0.0</version>
    <packaging>jar</packaging>

    <n>CAR Database H2 Implementation</n>
    <description>H2 database implementation with HikariCP connection pooling</description>

    <properties>
        <maven.compiler.release>17</maven.compiler.release>
        <project.build.sourceEncoding>UTF-8</project.build.sourceEncoding>
        <osgi.version>8.0.0</osgi.version>
        <h2.version>2.2.224</h2.version>
        <hikaricp.version>5.1.0</hikaricp.version>
    </properties>

    <dependencies>
        <!-- Database API -->
        <dependency>
            <groupId>biz.car.database</groupId>
            <artifactId>car.database.api</artifactId>
            <version>1.0.0</version>
            <scope>provided</scope>
        </dependency>
        
        <!-- OSGi Core -->
        <dependency>
            <groupId>org.osgi</groupId>
            <artifactId>osgi.core</artifactId>
            <version>${osgi.version}</version>
            <scope>provided</scope>
        </dependency>
        
        <!-- OSGi Declarative Services Annotations -->
        <dependency>
            <groupId>org.osgi</groupId>
            <artifactId>org.osgi.service.component.annotations</artifactId>
            <version>1.5.1</version>
            <scope>provided</scope>
        </dependency>
        
        <!-- OSGi Metatype Annotations -->
        <dependency>
            <groupId>org.osgi</groupId>
            <artifactId>org.osgi.service.metatype.annotations</artifactId>
            <version>1.4.1</version>
            <scope>provided</scope>
        </dependency>
        
        <!-- H2 Database (provided by framework) -->
        <dependency>
            <groupId>com.h2database</groupId>
            <artifactId>h2</artifactId>
            <version>${h2.version}</version>
            <scope>provided</scope>
        </dependency>
        
        <!-- HikariCP Connection Pool (will be embedded) -->
        <dependency>
            <groupId>com.zaxxer</groupId>
            <artifactId>HikariCP</artifactId>
            <version>${hikaricp.version}</version>
        </dependency>
        
        <!-- SLF4J API (provided by framework) -->
        <dependency>
            <groupId>org.slf4j</groupId>
            <artifactId>slf4j-api</artifactId>
            <version>2.0.16</version>
            <scope>provided</scope>
        </dependency>
    </dependencies>

    <build>
        <plugins>
            <!-- Maven Compiler Plugin -->
            <plugin>
                <groupId>org.apache.maven.plugins</groupId>
                <artifactId>maven-compiler-plugin</artifactId>
                <version>3.11.0</version>
            </plugin>
            
            <!-- BND Maven Plugin -->
            <plugin>
                <groupId>biz.aQute.bnd</groupId>
                <artifactId>bnd-maven-plugin</artifactId>
                <version>7.0.0</version>
                <executions>
                    <execution>
                        <goals>
                            <goal>bnd-process</goal>
                        </goals>
                    </execution>
                </executions>
                <configuration>
                    <bnd><![CDATA[
# Bundle Identity
Bundle-SymbolicName: biz.car.database.h2
Bundle-Name: CAR Database H2 Implementation
Bundle-Version: 1.0.0
Bundle-Description: H2 database implementation with HikariCP connection pooling
Bundle-Vendor: CAR

# Private Packages (nicht exportiert)
Private-Package: \
    biz.car.database.h2.*,\
    com.zaxxer.hikari.*

# Package Imports mit Versionen
Import-Package: \
    biz.car.database.api;version="[1.0,2)",\
    javax.sql,\
    javax.management,\
    org.h2.*;version="[2.2,3)",\
    org.osgi.framework;version="[1.8,2)",\
    org.osgi.service.component.annotations;version="[1.3,2)";resolution:=optional,\
    org.osgi.service.metatype.annotations;version="[1.4,2)";resolution:=optional,\
    org.slf4j;version="[2.0,3)",\
    *

# Declarative Services
-dsannotations: *

# Bundle Requirements
Bundle-RequiredExecutionEnvironment: JavaSE-17

# Service Capabilities
Provide-Capability: \
    osgi.service;objectClass:List<String>="biz.car.database.api.DataSourceService"
                    ]]></bnd>
                </configuration>
            </plugin>
            
            <!-- Maven JAR Plugin -->
            <plugin>
                <groupId>org.apache.maven.plugins</groupId>
                <artifactId>maven-jar-plugin</artifactId>
                <version>3.3.0</version>
                <configuration>
                    <archive>
                        <manifestFile>${project.build.outputDirectory}/META-INF/MANIFEST.MF</manifestFile>
                    </archive>
                </configuration>
            </plugin>
        </plugins>
    </build>
</project>
