<project xmlns="http://maven.apache.org/POM/4.0.0"
    xmlns:xsi="http://www.w3.org/2001/XMLSchema-instance"
    xsi:schemaLocation="http://maven.apache.org/POM/4.0.0 https://maven.apache.org/xsd/maven-4.0.0.xsd">
    <modelVersion>4.0.0</modelVersion>

    <groupId>biz.car.osgi</groupId>
    <artifactId>car.osgi.h2.console</artifactId>
    <version>1.0.0</version>
    <packaging>jar</packaging>

    <name>H2 Database Web Console Bundle</name>
    <description>OSGi bundle that provides the H2 Web Console</description>

    <properties>
        <maven.compiler.release>17</maven.compiler.release>
        <project.build.sourceEncoding>UTF-8</project.build.sourceEncoding>
        <osgi.version>8.0.0</osgi.version>
        <h2.version>2.2.224</h2.version>
    </properties>

    <dependencies>
        <!-- OSGi Core -->
        <dependency>
            <groupId>org.osgi</groupId>
            <artifactId>osgi.core</artifactId>
            <version>${osgi.version}</version>
            <scope>provided</scope>
        </dependency>
        
        <!-- OSGi Declarative Services Annotations -->
        <dependency>
            <groupId>org.osgi</groupId>
            <artifactId>org.osgi.service.component.annotations</artifactId>
            <version>1.5.1</version>
            <scope>provided</scope>
        </dependency>
        
        <!-- OSGi Metatype Annotations -->
        <dependency>
            <groupId>org.osgi</groupId>
            <artifactId>org.osgi.service.metatype.annotations</artifactId>
            <version>1.4.1</version>
            <scope>provided</scope>
        </dependency>
        
        <!-- H2 Database (provided by framework) -->
        <dependency>
            <groupId>com.h2database</groupId>
            <artifactId>h2</artifactId>
            <version>${h2.version}</version>
            <scope>provided</scope>
        </dependency>
    </dependencies>

    <build>
        <plugins>
            <plugin>
                <groupId>org.apache.maven.plugins</groupId>
                <artifactId>maven-compiler-plugin</artifactId>
                <version>3.11.0</version>
            </plugin>
            
            <!-- Create OSGi Bundle with bnd-maven-plugin -->
            <plugin>
                <groupId>biz.aQute.bnd</groupId>
                <artifactId>bnd-maven-plugin</artifactId>
                <version>6.4.0</version>
                <executions>
                    <execution>
                        <goals>
                            <goal>bnd-process</goal>
                        </goals>
                    </execution>
                </executions>
            </plugin>
            
            <plugin>
                <groupId>org.apache.maven.plugins</groupId>
                <artifactId>maven-jar-plugin</artifactId>
                <version>3.3.0</version>
                <configuration>
                    <archive>
                        <manifestFile>${project.build.outputDirectory}/META-INF/MANIFEST.MF</manifestFile>
                    </archive>
                </configuration>
            </plugin>
        </plugins>
    </build>
</project>
