<project xmlns="http://maven.apache.org/POM/4.0.0"
    xmlns:xsi="http://www.w3.org/2001/XMLSchema-instance"
    xsi:schemaLocation="http://maven.apache.org/POM/4.0.0 https://maven.apache.org/xsd/maven-4.0.0.xsd">
    <modelVersion>4.0.0</modelVersion>

    <groupId>biz.car.database</groupId>
    <artifactId>car.database.api</artifactId>
    <version>1.0.0</version>
    <packaging>jar</packaging>

    <name>CAR Database API</name>
    <description>Database service API for CAR OSGi platform</description>

    <properties>
        <maven.compiler.release>17</maven.compiler.release>
        <project.build.sourceEncoding>UTF-8</project.build.sourceEncoding>
    </properties>

    <dependencies>
        <!-- JDBC API (part of Java SE, but explicit for clarity) -->
        <dependency>
            <groupId>javax.sql</groupId>
            <artifactId>javax.sql-api</artifactId>
            <version>1.0</version>
            <scope>provided</scope>
        </dependency>
    </dependencies>

    <build>
        <plugins>
            <plugin>
                <groupId>org.apache.maven.plugins</groupId>
                <artifactId>maven-compiler-plugin</artifactId>
                <version>3.11.0</version>
            </plugin>
            
            <plugin>
                <groupId>biz.aQute.bnd</groupId>
                <artifactId>bnd-maven-plugin</artifactId>
                <version>6.4.0</version>
                <executions>
                    <execution>
                        <goals>
                            <goal>bnd-process</goal>
                        </goals>
                    </execution>
                </executions>
            </plugin>
            
            <plugin>
                <groupId>org.apache.maven.plugins</groupId>
                <artifactId>maven-jar-plugin</artifactId>
                <version>3.3.0</version>
                <configuration>
                    <archive>
                        <manifestFile>${project.build.outputDirectory}/META-INF/MANIFEST.MF</manifestFile>
                    </archive>
                </configuration>
            </plugin>
        </plugins>
    </build>
</project>
